    time,      gen, pop_size, LTETOTAL, LTE000pe, LTE025pe, LTE050pe, LTE075pe, LTE100pe,   LTEAUT, LTEAUT000pe, LTEAUT025pe, LTEAUT050pe, LTEAUT075pe, LTEAUT100pe,  LTENAUT, LTENAUT000pe, LTENAUT025pe, LTENAUT050pe, LTENAUT075pe, LTENAUT100pe, DTETOTAL, DTE000pe, DTE025pe, DTE050pe, DTE075pe, DTE100pe,   DTEAUT, DTEAUT000pe, DTEAUT025pe, DTEAUT050pe, DTEAUT075pe, DTEAUT100pe,  DTENAUT, DTENAUT000pe, DTENAUT025pe, DTENAUT050pe, DTENAUT075pe, DTENAUT100pe, FIT000pe, FIT025pe, FIT050pe, FIT075pe, FIT100pe,  TEDEATH, COLLISIO, TOTAL_JU, LETHAL_J, DELETE_J, NEUTRA_J, BENEFI_J, GSIZE000, GSIZE025, GSIZE050, GSIZE075, GSIZE100, TELOC000, TELOC025, TELOC050, TELOC075, TELOC100, GELOC000, GELOC025, GELOC050, GELOC075, GELOC100
     0.1,        0,       50,     1500,       30,       30,       30,       30,       30,      900,       18,       18,       18,       18,       18,      600,       12,       12,       12,       12,       12,        0,        0,        0,        0,        0,        0,        0,        0,        0,        0,        0,        0,        0,        0,        0,        0,        0,        0, 1.000000, 1.000000, 1.000000, 1.000000, 1.000000,        0,        0,        0,        0,        0,        0,        0,  1930000,  1930000,  1930000,  1930000,  1930000,    31962,   498100,   662627,  1077254,  1670301,      203,   463466,   947001,  1410950,  1927367
     0.3,        1,       47,     1429,       28,       30,       30,       31,       33,      865,       17,       18,       18,       19,       20,      564,       10,       12,       12,       12,       14,        1,        0,        0,        0,        0,        1,        0,        0,        0,        0,        0,        0,        1,        0,        0,        0,        0,        1, 0.991471, 1.000000, 1.000000, 1.000000, 1.008578,        1,        7,      393,       29,       20,       25,       17,  1928000,  1930000,  1930000,  1931000,  1933000,     3044,   498100,   739655,  1173257,  1908356,      203,   464466,   947001,  1413950,  1930367
     0.4,        2,       51,     1566,       28,       30,       30,       32,       34,      945,       17,       18,       18,       19,       21,      621,       10,       12,       12,       13,       15,        2,        0,        0,        0,        0,        1,        1,        0,        0,        0,        0,        1,        1,        0,        0,        0,        0,        1, 0.988520, 0.995198, 1.000000, 1.000000, 1.009038,        1,        5,      337,       33,       20,       25,       15,  1928000,  1930000,  1930000,  1932000,  1934000,     3044,   497100,   740655,  1255617,  1923074,      203,   464837,   947001,  1415950,  1931367
     0.6,        3,       41,     1277,       28,       30,       31,       32,       34,      772,       16,       18,       19,       20,       23,      505,       10,       12,       12,       13,       15,        0,        0,        0,        0,        0,        0,        0,        0,        0,        0,        0,        0,        0,        0,        0,        0,        0,        0, 0.984335, 0.992570, 1.000000, 1.001268, 1.009038,        1,        3,      367,       35,       18,       20,        7,  1928000,  1930000,  1931000,  1933000,  1934000,     2843,   497100,   746224,  1258617,  1925806,      203,   464837,   947001,  1415950,  1931367
     0.7,        4,       50,     1565,       27,       30,       31,       32,       36,      936,       15,       17,       19,       20,       24,      629,       10,       12,       12,       13,       16,        0,        0,        0,        0,        0,        0,        0,        0,        0,        0,        0,        0,        0,        0,        0,        0,        0,        0, 0.981188, 0.993992, 1.000000, 1.002354, 1.013313,        0,        2,      270,       28,       11,       18,       15,  1927000,  1930000,  1931000,  1933000,  1936000,     2843,   499100,   748224,  1259617,  1928806,      203,   464837,   946473,  1417950,  1933367
     0.9,        5,       47,     1462,       25,       30,       31,       32,       36,      867,       14,       17,       18,       20,       24,      595,       10,       11,       12,       13,       16,        0,        0,        0,        0,        0,        0,        0,        0,        0,        0,        0,        0,        0,        0,        0,        0,        0,        0, 0.981419, 0.994143, 1.000000, 1.002354, 1.012484,        1,        4,      338,       19,       19,       31,       18,  1925000,  1930000,  1931000,  1932000,  1936000,     4315,   497100,   754603,  1260617,  1920660,      203,   464837,   946473,  1416950,  1933367
     1.0,        6,       43,     1356,       25,       30,       32,       33,       38,      799,       14,       18,       19,       20,       24,      557,       10,       12,       13,       14,       18,        0,        0,        0,        0,        0,        0,        0,        0,        0,        0,        0,        0,        0,        0,        0,        0,        0,        0, 0.972726, 0.993448, 1.000000, 1.002354, 1.009038,        1,        5,      320,       30,       14,       20,       10,  1925000,  1931000,  1932000,  1933000,  1938000,     1088,   506488,   811782,  1291255,  1919660,      203,   464466,   946473,  1417950,  1935367
     1.1,        7,       49,     1580,       27,       31,       32,       34,       37,      922,       14,       17,       19,       20,       22,      658,       10,       12,       13,       14,       19,        1,        0,        0,        0,        0,        1,        1,        0,        0,        0,        0,        1,        0,        0,        0,        0,        0,        0, 0.972726, 0.995628, 1.000000, 1.003950, 1.016358,        1,        3,      317,       21,       13,       23,       19,  1927000,  1931000,  1933000,  1934000,  1937000,     1088,   517854,   815751,  1304044,  1922383,      203,   464837,   946473,  1417950,  1934367
     1.3,        8,       54,     1768,       27,       31,       33,       34,       38,     1032,       14,       18,       19,       21,       23,      736,       10,       12,       13,       14,       19,        1,        0,        0,        0,        0,        1,        1,        0,        0,        0,        0,        1,        0,        0,        0,        0,        0,        0, 0.972726, 0.993436, 1.000000, 1.006196, 1.013254,        2,        7,      402,       32,       21,       30,       21,  1927000,  1932000,  1933000,  1934000,  1939000,     4616,   526335,   853188,  1302774,  1923660,      203,   464837,   946001,  1418950,  1936367
     1.5,        9,       45,     1510,       28,       32,       33,       36,       39,      887,       16,       18,       20,       21,       24,      623,       10,       11,       14,       15,       20,        2,        0,        0,        0,        0,        1,        2,        0,        0,        0,        0,        1,        0,        0,        0,        0,        0,        0, 0.972726, 0.993013, 0.998454, 1.005298, 1.013400,        3,        7,      422,       34,       30,       30,       15,  1929000,  1932000,  1933000,  1936000,  1939000,     4616,   523607,   864171,  1304044,  1924660,      203,   464837,   946473,  1418950,  1936367
     1.7,       10,       54,     1836,       26,       32,       33,       35,       40,     1079,       16,       18,       19,       22,       25,      757,        9,       12,       14,       15,       22,       10,        0,        0,        0,        0,        2,        6,        0,        0,        0,        0,        1,        4,        0,        0,        0,        0,        1, 0.972023, 0.993013, 1.001228, 1.005304, 1.014520,        6,        1,      336,       17,       11,       23,       23,  1927000,  1933000,  1934000,  1936000,  1940000,     4616,   505144,   875568,  1371636,  1931737,      203,   465466,   946473,  1419950,  1937367
     1.8,       11,       54,     1843,       26,       32,       34,       36,       41,     1086,       15,       18,       20,       22,       25,      757,        9,       12,       14,       15,       22,       13,        0,        0,        0,        0,        2,        8,        0,        0,        0,        0,        1,        5,        0,        0,        0,        0,        1, 0.972023, 0.993956, 1.001439, 1.005298, 1.017359,        1,        6,      430,       43,       22,       28,       18,  1927000,  1933000,  1934000,  1936000,  1941000,      162,   503361,   875568,  1385315,  1931737,      203,   465466,   946473,  1421950,  1938367
     2.0,       12,       50,     1727,       30,       32,       34,       36,       42,      999,       14,       18,       19,       22,       25,      728,        9,       12,       14,       16,       24,       10,        0,        0,        0,        0,        1,        6,        0,        0,        0,        0,        1,        4,        0,        0,        0,        0,        1, 0.972023, 0.993956, 1.001337, 1.005298, 1.023702,        4,        8,      426,       40,       15,       29,       23,  1930000,  1933000,  1934000,  1936000,  1943000,      162,   504144,   863171,  1388315,  1931737,      203,   465466,   946939,  1420950,  1940367
     2.2,       13,       46,     1633,       32,       33,       35,       37,       42,      933,       16,       18,       20,       22,       25,      700,        9,       13,       14,       17,       22,        9,        0,        0,        0,        0,        1,        6,        0,        0,        0,        0,        1,        3,        0,        0,        0,        0,        1, 0.969389, 0.994374, 1.000024, 1.004879, 1.031010,        2,       10,      391,       33,       21,       26,       18,  1932000,  1934000,  1936000,  1937000,  1942000,      162,   501100,   880846,  1411451,  1932737,      203,   465837,   946473,  1419950,  1939367
     2.4,       14,       50,     1783,       31,       33,       35,       37,       43,     1040,       17,       19,       21,       22,       27,      743,        8,       13,       14,       17,       23,       13,        0,        0,        0,        0,        1,        9,        0,        0,        0,        0,        1,        4,        0,        0,        0,        0,        1, 0.963833, 0.994374, 1.000782, 1.005143, 1.031010,        2,       10,      411,       41,       17,       23,       22,  1931000,  1934000,  1936000,  1938000,  1943000,      162,   492612,   888706,  1407345,  1932737,      203,   465837,   946473,  1419950,  1940367
     2.6,       15,       50,     1788,       31,       34,       35,       38,       43,     1027,       17,       19,       20,       21,       27,      761,        8,       13,       14,       18,       22,       14,        0,        0,        0,        1,        1,       11,        0,        0,        0,        0,        1,        3,        0,        0,        0,        0,        1, 0.963833, 0.994374, 1.002215, 1.005791, 1.019407,        1,        7,      396,       34,       22,       20,       28,  1932000,  1935000,  1937000,  1939000,  1943000,      162,   498258,   894169,  1402373,  1936071,      203,   466192,   946939,  1419950,  1940367
     2.7,       16,       49,     1761,       31,       34,       35,       38,       43,     1018,       16,       19,       20,       22,       27,      743,        8,       13,       15,       18,       22,       15,        0,        0,        0,        1,        1,       12,        0,        0,        0,        0,        1,        3,        0,        0,        0,        0,        1, 0.967692, 0.993956, 1.000847, 1.005791, 1.015105,        0,        5,      446,       37,       24,       30,       20,  1932000,  1935000,  1937000,  1939000,  1943000,     9302,   497258,   910667,  1410345,  1938071,      203,   466466,   946473,  1420950,  1940367
     2.9,       17,       53,     1940,       31,       34,       37,       39,       42,     1098,       16,       19,       21,       22,       26,      842,        9,       13,       16,       19,       22,       17,        0,        0,        0,        1,        1,       15,        0,        0,        0,        1,        1,        2,        0,        0,        0,        0,        1, 0.967692, 0.990155, 1.000949, 1.005280, 1.026435,        4,        6,      424,       29,       27,       33,       27,  1932000,  1935000,  1938000,  1940000,  1943000,     9302,   500619,   920277,  1417423,  1937617,      203,   466466,   946473,  1420950,  1940367
     3.1,       18,       48,     1744,       30,       34,       37,       38,       43,     1003,       17,       20,       20,       22,       27,      741,        9,       13,       15,       19,       20,       11,        0,        0,        0,        0,        1,       10,        0,        0,        0,        0,        1,        1,        0,        0,        0,        0,        1, 0.970645, 0.989164, 0.999232, 1.007334, 1.027205,        2,        8,      434,       38,       21,       27,       26,  1931000,  1934000,  1937000,  1940000,  1944000,     3300,   503405,   927847,  1425782,  1936071,      203,   465837,   945473,  1420950,  1941367
     3.3,       19,       51,     1860,       30,       34,       36,       39,       44,     1074,       15,       20,       21,       22,       28,      786,        9,       13,       15,       18,       21,       11,        0,        0,        0,        0,        1,        9,        0,        0,        0,        0,        1,        2,        0,        0,        0,        0,        1, 0.970631, 0.985533, 0.999849, 1.009468, 1.024539,        0,        8,      407,       40,       23,       20,       21,  1931000,  1934000,  1937000,  1940000,  1945000,      122,   504144,   935653,  1461203,  1938071,      203,   465837,   945473,  1422950,  1942367
     3.5,       20,       50,     1845,       30,       34,       36,       40,       44,     1043,       15,       19,       21,       22,       27,      802,        9,       14,       17,       18,       21,       10,        0,        0,        0,        0,        1,       10,        0,        0,        0,        0,        1,        0,        0,        0,        0,        0,        0, 0.970631, 0.981757, 0.998147, 1.009484, 1.023029,        3,        7,      409,       31,       18,       32,       19,  1931000,  1935000,  1937000,  1941000,  1946000,      122,   492602,   945878,  1493043,  1939071,      203,   466466,   945473,  1422950,  1943367
     3.7,       21,       49,     1817,       30,       34,       37,       40,       44,     1026,       15,       19,       21,       23,       27,      791,        9,       14,       16,       19,       22,       11,        0,        0,        0,        0,        1,       11,        0,        0,        0,        0,        1,        0,        0,        0,        0,        0,        0, 0.970631, 0.984127, 0.997477, 1.010197, 1.023029,        3,       10,      433,       40,       24,       33,       32,  1931000,  1936000,  1938000,  1941000,  1947000,      122,   492936,   971333,  1501114,  1943071,      203,   466466,   945001,  1421950,  1944367
     3.9,       22,       53,     2011,       30,       35,       37,       42,       46,     1132,       16,       19,       22,       24,       27,      879,        9,       14,       16,       19,       22,        9,        0,        0,        0,        0,        1,        8,        0,        0,        0,        0,        1,        1,        0,        0,        0,        0,        1, 0.970421, 0.987559, 1.003398, 1.012115, 1.035884,        1,        6,      426,       31,       17,       28,       39,  1931000,  1936000,  1939000,  1943000,  1949000,      122,   480708,   965584,  1491465,  1945071,      203,   466837,   945939,  1422950,  1946367
     4.1,       23,       43,     1656,       30,       35,       38,       43,       47,      925,       15,       19,       22,       24,       28,      731,        8,       14,       17,       20,       22,        6,        0,        0,        0,        0,        1,        5,        0,        0,        0,        0,        1,        1,        0,        0,        0,        0,        1, 0.967851, 0.986123, 0.995967, 1.012115, 1.032417,        1,        7,      434,       47,       24,       27,       24,  1932000,  1937000,  1940000,  1944000,  1948000,      122,   500144,   984902,  1494829,  1937617,      203,   466466,   945939,  1424950,  1945367
     4.3,       24,       45,     1725,       31,       35,       37,       43,       50,      967,       13,       19,       22,       24,       29,      758,        7,       14,       17,       20,       24,        7,        0,        0,        0,        0,        1,        5,        0,        0,        0,        0,        1,        2,        0,        0,        0,        0,        1, 0.967851, 0.984127, 0.995545, 1.010132, 1.038800,        1,        4,      382,       29,       18,       31,       22,  1932000,  1936000,  1939000,  1944000,  1952000,      122,   497438,   985902,  1504335,  1938617,      203,   466466,   945939,  1425950,  1949367
     4.5,       25,       50,     1965,       31,       36,       38,       44,       51,     1101,       14,       19,       22,       25,       29,      864,        7,       14,       18,       20,       26,        7,        0,        0,        0,        0,        1,        5,        0,        0,        0,        0,        1,        2,        0,        0,        0,        0,        1, 0.970421, 0.985443, 1.002605, 1.011209, 1.039211,        1,        7,      395,       30,       15,       28,       14,  1932000,  1937000,  1939000,  1945000,  1953000,     3300,   505972,  1010050,  1519327,  1939318,      203,   466466,   946001,  1424950,  1950367
     4.7,       26,       51,     2002,       31,       35,       39,       43,       51,     1127,       13,       19,       22,       25,       30,      875,        7,       14,       17,       20,       26,        8,        0,        0,        0,        0,        1,        5,        0,        0,        0,        0,        1,        3,        0,        0,        0,        0,        1, 0.965036, 0.986858, 1.003636, 1.015843, 1.048328,        2,        6,      512,       48,       22,       33,       34,  1933000,  1936000,  1939000,  1945000,  1953000,     3300,   508144,   997426,  1514785,  1939318,      203,   466466,   946001,  1425950,  1950367
     4.9,       27,       53,     2033,       31,       34,       37,       43,       50,     1148,       13,       18,       21,       25,       30,      885,        7,       14,       16,       20,       24,        9,        0,        0,        0,        0,        1,        7,        0,        0,        0,        0,        1,        2,        0,        0,        0,        0,        1, 0.965036, 0.988519, 1.003013, 1.015195, 1.048328,        1,       10,      464,       40,       21,       21,       22,  1933000,  1936000,  1938000,  1944000,  1952000,     3300,   496656,   966985,  1522249,  1943747,      203,   466466,   946939,  1424950,  1949367
     5.1,       28,       50,     1905,       30,       33,       37,       42,       50,     1092,       13,       18,       21,       25,       32,      813,        7,       14,       15,       19,       26,        9,        0,        0,        0,        0,        1,        7,        0,        0,        0,        0,        1,        2,        0,        0,        0,        0,        1, 0.964567, 0.991548, 1.003398, 1.018082, 1.037479,        3,        6,      415,       35,       14,       28,       29,  1931000,  1935000,  1939000,  1943000,  1952000,     2134,   493602,   958833,  1511973,  1943747,      203,   466837,   946473,  1423950,  1949367
     5.3,       29,       50,     1854,       29,       33,       36,       39,       48,     1084,       13,       18,       21,       24,       30,      770,        7,       13,       15,       18,       26,        7,        0,        0,        0,        0,        1,        5,        0,        0,        0,        0,        1,        2,        0,        0,        0,        0,        1, 0.964428, 0.993866, 1.003137, 1.016879, 1.038652,        0,        4,      460,       50,       22,       22,       32,  1930000,  1935000,  1938000,  1941000,  1950000,     2134,   495319,   961616,  1510973,  1947646,      203,   466466,   945473,  1422950,  1946367
     5.5,       30,       46,     1687,       28,       33,       37,       38,       49,      976,       14,       18,       20,       23,       31,      711,        7,       14,       15,       17,       26,        8,        0,        0,        0,        0,        1,        5,        0,        0,        0,        0,        1,        3,        0,        0,        0,        0,        1, 0.964428, 0.993866, 1.000780, 1.012705, 1.052829,        2,        6,      434,       36,       26,       26,       20,  1929000,  1935000,  1939000,  1940000,  1951000,     3300,   492072,  1006761,  1522249,  1937375,      203,   466466,   945001,  1419950,  1948367
     5.7,       31,       55,     2040,       28,       33,       36,       39,       51,     1179,       14,       18,       21,       24,       31,      861,        7,       13,       15,       17,       27,       11,        0,        0,        0,        0,        1,        7,        0,        0,        0,        0,        1,        4,        0,        0,        0,        0,        1, 0.961450, 0.995834, 1.003477, 1.016736, 1.052829,        0,        7,      443,       42,       19,       38,       24,  1929000,  1935000,  1938000,  1941000,  1953000,     1673,   492602,   981454,  1510973,  1941229,      203,   466466,   946001,  1422950,  1950367
