task_index,condition_code,replicate,run,seed,experiment_directory
0,LHLLHLH-HH,R03,3,1305409906714210045,LHLLHLH-HH
1,LLHLHHH-HL,R03,3,4419924066419169275,LLHLHHH-HL
2,HLHLHHH-HH,R03,3,9474305979165810443,HLHLHHH-HH
3,LHLLHHH-HH,R01,1,11995661327659828361,LHLLHHH-HH
4,HHLLHHH-HH,R02,2,17106530582603074548,HHLLHHH-HH
5,LHHLHLH-HH,R02,2,14268861945649448721,LHHLHLH-HH
6,LHHLHLH-HH,R03,3,10897724212832553106,LHHLHLH-HH
7,LHHLHLH-HH,R01,1,11275764567251422025,LHHLHLH-HH
8,LHHLHHH-HH,R02,2,15533074427530738261,LHHLHHH-HH
9,LHLLHHH-HL,R01,1,18325401019532349870,LHLLHHH-HL
10,LHLLHHH-HH,R03,3,9846369975049213938,LHLLHHH-HH
11,LHHLHHH-HH,R03,3,9365837636375283029,LHHLHHH-HH
12,HHLLHHH-HH,R03,3,7712336288871932485,HHLLHHH-HH
13,LHHLHLH-HL,R02,2,6985789467637170660,LHHLHLH-HL
14,HHHLHLH-HL,R03,3,7716816564135544625,HHHLHLH-HL
15,HHHLHLH-HH,R02,2,18210729053455928968,HHHLHLH-HH
16,LHLLHHH-HL,R03,3,1673683660679024047,LHLLHHH-HL
17,HHHLHHH-HH,R01,1,5794005017653953011,HHHLHHH-HH
18,HHHLHLH-HL,R02,2,473056264589390456,HHHLHLH-HL
19,LHHLHHH-HL,R02,2,14358021410490703375,LHHLHHH-HL
20,LHHLHHH-HL,R03,3,8330729480388092275,LHHLHHH-HL
21,HHHLHLH-HH,R03,3,3503646171664480728,HHHLHLH-HH
22,LHHLHHH-HL,R01,1,14729014654475657019,LHHLHHH-HL
23,HHLLHHH-HL,R02,2,11729079334423869469,HHLLHHH-HL
24,HHHLHHH-HL,R02,2,10125701898877761769,HHHLHHH-HL
25,LLHLHLH-LH,R01,1,1520474245110663676,LLHLHLH-LH
26,HHHLHHH-HL,R03,3,13702024204775144701,HHHLHHH-HL
27,HHHLHHH-HL,R01,1,10371869786144772323,HHHLHHH-HL
28,LHHLHHH-HH,R01,1,205270224066154818,LHHLHHH-HH
29,HHHLHLH-HL,R01,1,1900754393766061945,HHHLHLH-HL
30,HHHLHHH-HH,R03,3,2228305148157226386,HHHLHHH-HH
31,HHHLHHH-HH,R02,2,15973900469986237867,HHHLHHH-HH
32,LLHLHLH-LL,R03,3,4169541234956581767,LLHLHLH-LL
33,LLHLHHH-LH,R02,2,9725054499199836269,LLHLHHH-LH
34,LLHLHHH-LH,R01,1,3558601286344962081,LLHLHHH-LH
35,LLHLHLH-LL,R01,1,12093170714330081960,LLHLHLH-LL
36,LLHLHLH-LH,R03,3,6528520244128794327,LLHLHLH-LH
37,LLHLHHH-LL,R03,3,16061034534812209997,LLHLHHH-LL
38,HLHLHLH-LH,R01,1,13664626190165521617,HLHLHLH-LH
39,LLHLHHH-LH,R03,3,16202230178800986698,LLHLHHH-LH
40,HLHLHLH-LL,R03,3,10093270467274745834,HLHLHLH-LL
41,LLHLHHH-LL,R02,2,10387745347127464246,LLHLHHH-LL
42,HLHLHLH-LL,R01,1,8531521882231954188,HLHLHLH-LL
43,HLHLHHH-LH,R03,3,1478703772263955813,HLHLHHH-LH
44,LHHLHLH-LL,R01,1,6314640015381002688,LHHLHLH-LL
45,LHHLHLH-LH,R01,1,2089027081944390473,LHHLHLH-LH
46,HHHLHLH-LL,R02,2,5770915119502729563,HHHLHLH-LL
47,LHHLHLH-LL,R02,2,11252695830898100861,LHHLHLH-LL
48,LHHLHHH-LL,R01,1,16897532188885628193,LHHLHHH-LL
49,LHHLHLH-LH,R03,3,13532557858086262850,LHHLHLH-LH
50,LHHLHHH-LH,R03,3,6305396955115482329,LHHLHHH-LH
51,LHHLHHH-LL,R03,3,10473435002424732716,LHHLHHH-LL
52,HHHLHLH-LH,R02,2,9828291382488041102,HHHLHLH-LH
53,LHHLHHH-LH,R01,1,12804534676923583389,LHHLHHH-LH
54,HHHLHHH-LH,R02,2,8850208695205261113,HHHLHHH-LH
55,LHHLHLH-LH,R02,2,11821503965379253235,LHHLHLH-LH
56,HHHLHLH-LH,R01,1,7859684939126437311,HHHLHLH-LH
57,HHHLHLH-LL,R03,3,5358489878268918692,HHHLHLH-LL
58,HHHLHHH-LH,R01,1,13884339987733348212,HHHLHHH-LH
59,HHHLHLH-LH,R03,3,9577014703095569538,HHHLHLH-LH
60,HHHLHHH-LH,R03,3,1494691151533869463,HHHLHHH-LH
61,HHHLHHH-LL,R03,3,11717276504683813312,HHHLHHH-LL
62,LLHLHLL-Z,R01,1,7864509946425171045,LLHLHLL-Z
63,LHHLHLH-Z,R01,1,7992451540594239553,LHHLHLH-Z
64,HHHLHHL-Z,R03,3,9517331188071268257,HHHLHHL-Z
65,HHHLHLL-Z,R03,3,593452523397991222,HHHLHLL-Z
66,LHHLHHH-Z,R01,1,10336307910069363377,LHHLHHH-Z
67,HHHLHHH-Z,R02,2,14074682567148743403,HHHLHHH-Z
68,HHHLHLH-Z,R01,1,15965173726224279259,HHHLHLH-Z
69,LHHLHHL-Z,R03,3,523461397876979528,LHHLHHL-Z
70,LLHLHHH-Z,R03,3,9510567271303547621,LLHLHHH-Z
